Symbol,Series,Date,Prev Close,Open Price,High Price,Low Price,Last Price,Close Price,Average Price,Total Traded Quantity,Turnover,No. of Trades,Deliverable Qty,% Dly Qt to Traded Qty
SREEL,EQ,1-Jan-14,294.7,297,301,295,301,298,296.49,19014,5637489.95,94,13020,68.48
SREEL,EQ,2-Jan-14,298,314,314,295.3,299.9,299.9,298.94,20015,5983383.3,64,8005,40
SREEL,EQ,3-Jan-14,299.9,300,300,300,300,300,300,5,1500,1,5,100
SREEL,EQ,6-Jan-14,300,290,300,290,300,300,294.44,45,13250,3,45,100
SREEL,EQ,7-Jan-14,300,290.5,312.5,290.5,291.3,291.3,296.59,7513,2228284.3,13,6512,86.68
SREEL,EQ,8-Jan-14,291.3,291,293.5,290,293.5,292.7,292.71,6002,1756830,8,6000,99.97
SREEL,EQ,9-Jan-14,292.7,300.5,302,300.5,302,302,301.26,3500,1054400,4,3500,100
SREEL,EQ,10-Jan-14,302,299,301,299,301,300.05,300.05,633,189932.85,26,633,100
SREEL,EQ,13-Jan-14,300.05,297.5,300,297.5,300,300,298.57,4500,1343575,9,4500,100
SREEL,EQ,14-Jan-14,300,314,314,297,299.95,298.75,298.16,4054,1208727.9,13,4052,99.95
SREEL,EQ,15-Jan-14,298.75,300,300,299,299.5,299.5,299.44,4500,1347500,12,4500,100
SREEL,EQ,16-Jan-14,299.5,299,300,299,300,300,299.5,750,224625,5,750,100
SREEL,EQ,17-Jan-14,300,301,301.5,295,299,297,299.13,6000,1794750,65,6000,100
SREEL,EQ,20-Jan-14,297,300.5,301.5,300.5,301.5,301.5,301,300,90300,5,300,100
SREEL,EQ,22-Jan-14,301.5,296,299,296,299,297.3,297.29,350,104050,25,350,100
SREEL,EQ,23-Jan-14,297.3,298,300,295,295,295,298.99,501,149795,21,500,99.8
SREEL,EQ,24-Jan-14,295,300,301,299,301,301,299.92,6500,1949500,15,6500,100
SREEL,EQ,27-Jan-14,301,297,304.95,297,298,298,297.5,6001,1785304.95,31,6001,100
SREEL,EQ,28-Jan-14,298,298,299,298,299,299,298.5,1000,298500,11,1000,100
SREEL,EQ,29-Jan-14,299,297.5,304.95,297.5,304.95,304.95,297.76,1001,298054.95,11,1001,100
SREEL,EQ,30-Jan-14,304.95,296,298,296,298,298,296.8,2500,742000,7,2500,100
SREEL,EQ,31-Jan-14,298,296,298,296,298,298,296.95,2000,593900,6,2000,100
SREEL,EQ,3-Feb-14,298,297,298,297,298,298,297.5,3000,892500,3,3000,100
SREEL,EQ,5-Feb-14,298,297,298,297,298,297.5,297.5,2000,595000,3,2000,100
SREEL,EQ,6-Feb-14,297.5,298,298,295,295,295,297.99,4020,1197900,7,4020,100
SREEL,EQ,7-Feb-14,295,298,298,298,298,298,298,2000,596000,4,2000,100
SREEL,EQ,10-Feb-14,298,295.05,304.9,295.05,298,298,299.51,7082,2121107.85,23,1000,14.12
SREEL,EQ,11-Feb-14,298,298.05,305,298.05,305,301.5,301.53,2,603.05,2,1,50
SREEL,EQ,12-Feb-14,301.5,297,298,297,298,298,297.33,2000,594650,27,2000,100
SREEL,EQ,13-Feb-14,298,297,305,297,305,305,297.43,2511,746855,16,2511,100
SREEL,EQ,14-Feb-14,305,297,304.9,297,304.9,304.9,297.5,5001,1487804.9,9,5000,99.98
SREEL,EQ,17-Feb-14,304.9,297,297,297,297,297,297,7500,2227500,6,7500,100
SREEL,EQ,18-Feb-14,297,298,298,298,298,298,298,3000,894000,4,3000,100
SREEL,EQ,19-Feb-14,298,298,298,297,298,298,297.56,4500,1339000,5,4500,100
SREEL,EQ,20-Feb-14,298,296.5,298.5,296.4,297.25,296.8,297.07,7000,2079475,9,7000,100
SREEL,EQ,21-Feb-14,296.8,296,298,296,297.45,297.25,297.08,10000,2970775,18,8500,85
SREEL,EQ,24-Feb-14,297.25,296,297,296,297,297,296.36,5500,1630000,6,5500,100
SREEL,EQ,25-Feb-14,297,292,294,292,294,294,292.49,10000,2924925,33,10000,100
SREEL,EQ,26-Feb-14,294,293,293,284,285,285,284.68,16000,4554910,50,16000,100
SREEL,EQ,28-Feb-14,285,304.9,304.9,275,294,294,277.79,16721,4644950.5,37,14710,87.97
SREEL,EQ,3-Mar-14,294,273.1,273.1,272,272.45,272.45,272.5,6012,1638270.2,12,6012,100
SREEL,EQ,4-Mar-14,272.45,271.05,284.25,265,265,270.6,271.19,19078,5173799.75,292,12500,65.52
SREEL,EQ,5-Mar-14,270.6,265.5,267,265,266.7,266.5,266.45,16047,4275671.35,33,16000,99.71
SREEL,EQ,6-Mar-14,266.5,267,267,265,265.5,265.45,265.43,6514,1729017.8,17,6504,99.85
SREEL,EQ,7-Mar-14,265.45,280,280,264,277.9,277.9,265.48,5102,1354453.9,13,5101,99.98
SREEL,EQ,10-Mar-14,277.9,265,265,262,263,263,262.37,8400,2203866.5,34,8400,100
SREEL,EQ,11-Mar-14,263,264,280,262,279,279,263.68,6553,1727865.3,21,6502,99.22
SREEL,EQ,12-Mar-14,279,324.95,324.95,261,262,262,262.01,4102,1074745,26,3901,95.1
SREEL,EQ,13-Mar-14,262,262,267,260,260,260,261.15,5664,1479153.6,27,5660,99.93
SREEL,EQ,14-Mar-14,260,255,267,255,259.5,259.5,259.48,2525,655185,7,2525,100
SREEL,EQ,18-Mar-14,259.5,259,265,255,265,265,256.17,7011,1796027.75,35,7005,99.91
SREEL,EQ,19-Mar-14,265,265,279.95,255,257,257.55,256.41,13478,3455864.3,62,13169,97.71
SREEL,EQ,20-Mar-14,257.55,255.05,257,255,255,256.65,256.34,7526,1929245.05,71,7471,99.27
SREEL,EQ,21-Mar-14,256.65,255,257,255,257,256.55,256.35,8324,2133819,37,8024,96.4
SREEL,EQ,22-Mar-14,256.55,255,255,255,255,255,255,100,25500,2,100,100
SREEL,EQ,24-Mar-14,255,274,274,255,256.8,256.3,256.49,14250,3655014.05,41,14248,99.99
SREEL,EQ,25-Mar-14,256.3,256,269.95,255,260,255.85,255.65,17642,4510143.45,40,17640,99.99
SREEL,EQ,26-Mar-14,255.85,244,256.5,244,256.5,256.5,256.09,11520,2950190,34,11500,99.83
SREEL,EQ,27-Mar-14,256.5,257.05,261,257.05,261,257.3,257.3,5001,1286758.5,13,5001,100
SREEL,EQ,28-Mar-14,257.3,255.6,272,255,270,270,266.86,8008,2137030.5,10,6,0.07
SREEL,EQ,31-Mar-14,270,275,279,256.2,275,275,270.2,3862,1043510,11,2661,68.9
SREEL,EQ,1-Apr-14,275,328.9,328.9,235,257,257,257.69,2593,668183,26,2571,99.15
SREEL,EQ,2-Apr-14,257,257.5,257.5,256,256,256,256.27,6800,1742640.75,15,6800,100
SREEL,EQ,3-Apr-14,256,254,257,245,253,253,256.51,2070,530976.1,15,2060,99.52
SREEL,EQ,4-Apr-14,253,260,260,253,259,259,256.62,21,5389,4,10,47.62
SREEL,EQ,7-Apr-14,259,260,260,260,260,260,260,33,8580,2,33,100
SREEL,EQ,9-Apr-14,260,267,267,251,266,266,265.61,5050,1341345,15,5040,99.8
SREEL,EQ,10-Apr-14,266,262.95,275,260.8,272.9,272.85,261.43,2600,679710.7,10,2590,99.62
SREEL,EQ,15-Apr-14,272.85,244,244,229,229,234.5,234.51,39,9146,6,35,89.74
SREEL,EQ,16-Apr-14,234.5,237,242,237,242,238.65,238.11,30,7143.25,5,20,66.67
SREEL,EQ,17-Apr-14,238.65,261.95,274.65,261.95,271.95,271.95,268.1,35,9383.45,9,35,100
SREEL,EQ,21-Apr-14,271.95,271.9,271.9,271.9,271.9,271.9,271.9,4,1087.6,2,4,100
SREEL,EQ,22-Apr-14,271.9,267.9,267.9,267.9,267.9,267.9,267.9,4,1071.6,1,4,100
SREEL,EQ,25-Apr-14,267.9,266.9,266.9,241.05,262,262.55,262.49,1181,309996.9,6,1176,99.58
SREEL,EQ,28-Apr-14,262.55,256,258,256,258,258,257,300,77100,3,300,100
SREEL,EQ,29-Apr-14,258,253,266,253,266,266,264.7,40,10587.85,4,40,100
SREEL,EQ,30-Apr-14,266,271,272,271,272,271.5,271.5,200,54300,2,200,100
SREEL,EQ,5-May-14,271.5,250,271,250,253.25,253.25,253.27,24,6078.5,4,12,50
SREEL,EQ,6-May-14,253.25,271.95,273,271.95,273,272.95,272.95,400,109179.9,6,400,100
SREEL,EQ,7-May-14,272.95,272,272,272,272,272,272,1,272,1,1,100
SREEL,EQ,12-May-14,272,270,270,250,269,259.5,259.55,10050,2608500,3,50,0.5
SREEL,EQ,14-May-14,259.5,236.2,269.95,236.2,258,258,251.31,6082,1528447.4,6,6050,99.47
SREEL,EQ,15-May-14,258,248,268.9,240.1,240.1,249.95,248.11,9252,2295521.5,6,9000,97.28
SREEL,EQ,19-May-14,249.95,240.1,269.95,240.1,269.95,269.95,242.81,11,2670.95,2,10,90.91
SREEL,EQ,20-May-14,269.95,248,266.95,241,266.95,266.95,248.04,5014,1243657.95,5,5014,100
SREEL,EQ,21-May-14,266.95,245.5,263.7,245.5,260,260,252.11,10007,2522826.55,26,10007,100
SREEL,EQ,22-May-14,260,259,262,250.5,262,262,256.12,6500,1664800,23,6500,100
SREEL,EQ,23-May-14,262,262,268.95,235.2,264.95,264.95,255.52,220,56214.15,20,70,31.82
SREEL,EQ,27-May-14,264.95,272,272,267.95,267.95,267.95,271.6,10,2715.95,2,10,100
SREEL,EQ,28-May-14,267.95,267.4,267.4,267.35,267.4,267.4,267.37,17,4545.35,8,17,100
SREEL,EQ,29-May-14,267.4,250.5,267,250.5,267,267,250.5,4501,1127517,2,4501,100
SREEL,EQ,30-May-14,267,266.95,266.95,254,254,254,263.71,4,1054.85,2,4,100
SREEL,EQ,4-Jun-14,254,271.9,271.9,255.1,255.1,263.5,263.5,4000,1054000,6,0,0
SREEL,EQ,5-Jun-14,263.5,269,269,250,250,250,250.9,21,5269,2,21,100
SREEL,EQ,6-Jun-14,250,256.25,256.25,256.25,256.25,256.25,256.25,5900,1511875,4,5900,100
SREEL,EQ,9-Jun-14,256.25,250,264,249.5,260.1,260.1,252.74,4552,1150466.15,11,4552,100
SREEL,EQ,10-Jun-14,260.1,250.25,255.75,250.25,255.75,255.75,252.15,4700,1185100,4,4700,100
SREEL,EQ,12-Jun-14,255.75,269.9,269.9,256,256,256,262.95,500,131475,2,0,0
SREEL,EQ,13-Jun-14,256,255,255,255,255,255,255,30,7650,1,30,100
SREEL,EQ,17-Jun-14,255,258,262.5,258,262.5,262.5,259.49,7801,2024262.5,33,7801,100
SREEL,EQ,18-Jun-14,262.5,264,264,240,240,248.65,248.08,4920,1220532.5,15,4720,95.93
SREEL,EQ,19-Jun-14,248.65,255,264.45,255,255,255,259.86,1545,401485.45,6,1545,100
SREEL,EQ,20-Jun-14,255,255,255,255,255,255,255,43,10965,2,43,100
SREEL,EQ,23-Jun-14,255,264.9,264.9,255,255,255,255.35,84,21449.7,5,84,100
SREEL,EQ,26-Jun-14,255,265,265,255,255,255,261.97,1932,506130.55,15,1932,100
SREEL,EQ,27-Jun-14,255,264.9,264.9,264.9,264.9,264.9,264.9,1,264.9,1,1,100
SREEL,EQ,30-Jun-14,264.9,255,264.9,255,264.9,264.9,262.07,7,1834.5,6,7,100
SREEL,EQ,1-Jul-14,264.9,264.9,264.9,257,257.7,257.7,257.4,1501,386364.9,5,1501,100
SREEL,EQ,2-Jul-14,257.7,309.2,309.2,250,270,269.8,259.2,20776,5385178.6,93,3373,16.24
SREEL,EQ,4-Jul-14,269.8,265,265,255,258,257.5,258,3252,839030,13,3228,99.26
SREEL,EQ,7-Jul-14,257.5,264.5,264.95,255.5,258,257.6,258.43,6001,1550864.95,11,4001,66.67
SREEL,EQ,8-Jul-14,257.6,264.95,264.95,255,264.4,264.4,259.82,2202,572123.8,6,102,4.63
SREEL,EQ,9-Jul-14,264.4,255,263.85,250.1,257.85,257.4,253.96,4211,1069444.75,15,4207,99.91
SREEL,EQ,10-Jul-14,257.4,263.9,263.9,262.5,262.5,262.5,263.62,25,6590.5,2,20,80
SREEL,EQ,11-Jul-14,262.5,265,265,255.2,256,255.95,255.52,2867,732572.5,7,2867,100
SREEL,EQ,14-Jul-14,255.95,264.8,264.8,255.2,257,256.75,259.58,7401,1921170.8,9,1000,13.51
SREEL,EQ,15-Jul-14,256.75,264.9,264.9,255.25,255.25,255.25,256.01,6500,1664075,3,5500,84.62
SREEL,EQ,16-Jul-14,255.25,265,265,265,265,265,265,2,530,2,2,100
SREEL,EQ,17-Jul-14,265,265,265,265,265,265,265,1,265,1,1,100
SREEL,EQ,18-Jul-14,265,265,265,255,265,265,256.67,24,6160,3,20,83.33
SREEL,EQ,21-Jul-14,265,265,265,250,259.5,253.45,255.59,4275,1092644.4,18,4000,93.57
SREEL,EQ,22-Jul-14,253.45,255,255,254,255,255,254.03,4849,1231795,8,4849,100
SREEL,EQ,23-Jul-14,255,265,265,255.1,255.25,255.25,256.44,8402,2154580,15,7402,88.1
SREEL,EQ,24-Jul-14,255.25,255,264.9,255,264.9,264.9,259.91,1061,275764.9,4,61,5.75
SREEL,EQ,25-Jul-14,264.9,264.2,265,260,262,261.15,262.43,80,20994.6,54,80,100
SREEL,EQ,28-Jul-14,261.15,264,264,255,263,255.7,256.54,46,11800.7,18,31,67.39
SREEL,EQ,30-Jul-14,255.7,281,281,255,255,255,256.93,93,23894.35,11,85,91.4
SREEL,EQ,31-Jul-14,255,265,265,265,265,265,265,4,1060,1,4,100
SREEL,EQ,1-Aug-14,265,265,265,255,255,255,260.03,200,52005,5,12,6
SREEL,EQ,4-Aug-14,255,264.95,264.95,255,255.5,255.5,255.51,1112,284129.9,3,1112,100
SREEL,EQ,5-Aug-14,255.5,264.95,264.95,264.95,264.95,264.95,264.95,1,264.95,1,1,100
SREEL,EQ,6-Aug-14,264.95,255.1,265,255.1,264.9,264.9,260.05,1010,262649.95,4,10,0.99
SREEL,EQ,7-Aug-14,264.9,260,260,260,260,260,260,1,260,1,1,100
SREEL,EQ,11-Aug-14,260,265,265,265,265,265,265,2,530,1,2,100
SREEL,EQ,13-Aug-14,265,265,265,265,265,265,265,4,1060,4,4,100
SREEL,EQ,14-Aug-14,265,255,265,255,265,265,255.2,102,26030,3,102,100
SREEL,EQ,18-Aug-14,265,270,270,265,265,265,269.17,12,3230,4,12,100
SREEL,EQ,19-Aug-14,265,265,265,265,265,265,265,6,1590,2,6,100
SREEL,EQ,20-Aug-14,265,265,265,265,265,265,265,6,1590,6,6,100
SREEL,EQ,22-Aug-14,265,265,265,265,265,265,265,3,795,2,3,100
SREEL,EQ,25-Aug-14,265,265,265,256.5,256.5,256.5,256.52,3007,771355,7,3007,100
SREEL,EQ,26-Aug-14,256.5,264.55,264.55,255,260,260,259.83,8,2078.65,3,5,62.5
SREEL,EQ,27-Aug-14,260,256.75,264.85,255.05,264.85,264.85,256.87,1045,268433.05,22,1000,95.69
SREEL,EQ,28-Aug-14,264.85,317,317,251,251,253.7,255.87,17738,4538673.1,82,17212,97.03
SREEL,EQ,1-Sep-14,253.7,269,269,255.2,265,264.5,255.58,5403,1380903,12,5402,99.98
SREEL,EQ,2-Sep-14,264.5,255.4,264,255,255,255,255.59,12706,3247481.2,21,12510,98.46
SREEL,EQ,3-Sep-14,255,265,265,255.3,255.3,255.35,255.61,9507,2430105,22,9507,100
SREEL,EQ,4-Sep-14,255.35,255.6,264,255.5,255.75,255.65,255.67,11961,3058082.5,17,11957,99.97
SREEL,EQ,5-Sep-14,255.65,264.9,264.9,253,253,253,255.21,21653,5526106.1,43,21450,99.06
SREEL,EQ,8-Sep-14,253,272,272,255,256.75,256.75,255.8,8507,2176084,13,8503,99.95
SREEL,EQ,9-Sep-14,256.75,259.95,260,256.7,260,260,256.76,2039,523539.95,10,2038,99.95
SREEL,EQ,11-Sep-14,260,265,265,265,265,265,265,10,2650,1,10,100
SREEL,EQ,12-Sep-14,265,258,258,257.1,257.1,257.1,257.11,1500,385659,2,1500,100
SREEL,EQ,15-Sep-14,257.1,265,265,256.9,256.9,256.9,256.97,1007,258766,11,1007,100
SREEL,EQ,16-Sep-14,256.9,254.3,264,254.3,264,264,255.75,5792,1481278.6,17,5778,99.76
SREEL,EQ,17-Sep-14,264,252,265,252,260,260,259.72,11,2856.9,7,6,54.55
SREEL,EQ,18-Sep-14,260,265,265,255,255.25,255.25,255.2,15080,3848462.5,15,15050,99.8
SREEL,EQ,19-Sep-14,255.25,255.25,255.25,253,253,255,255.1,10125,2582866.25,11,10115,99.9
SREEL,EQ,22-Sep-14,255,256,265,256,263,263,263.17,4106,1080568,16,4106,100
SREEL,EQ,23-Sep-14,263,263,263,260,261.2,261.2,262.01,2089,547340,11,2089,100
SREEL,EQ,24-Sep-14,261.2,256.15,263,256.15,263,263,262.49,5001,1312706.15,7,5001,100
SREEL,EQ,25-Sep-14,263,260,265,255,255,255,261.47,92,24055,5,83,90.22
SREEL,EQ,26-Sep-14,255,264.95,265,264.65,265,265,264.88,6,1589.25,3,3,50
SREEL,EQ,29-Sep-14,265,265,265,257.05,265,264.2,264.28,11,2907.05,4,11,100
SREEL,EQ,1-Oct-14,264.2,256.2,256.2,255,255,255,255.42,17,4342.2,4,11,64.71
SREEL,EQ,7-Oct-14,255,265,268,255,255,255,265.45,320,84944,7,300,93.75
SREEL,EQ,9-Oct-14,255,255,255.5,255,255.5,255.5,255.5,2811,718205,4,2811,100
SREEL,EQ,10-Oct-14,255.5,256.5,256.7,255,255,255,256.6,2002,513710.05,4,2001,99.95
SREEL,EQ,13-Oct-14,255,255,256.85,253.5,255,254.95,255.3,8556,2184345.3,24,8350,97.59
SREEL,EQ,14-Oct-14,254.95,255,255,253,255,255,254.97,6000,1529800,57,5200,86.67
SREEL,EQ,16-Oct-14,255,255,257.25,255,255,255,256.41,4256,1091282.4,19,4100,96.33
SREEL,EQ,17-Oct-14,255,255,257.65,253.5,253.5,256.7,257.02,3658,940164.6,13,3596,98.31
SREEL,EQ,20-Oct-14,256.7,255,256.95,253.05,256.8,256.8,256.79,2114,542858.6,11,2105,99.57
SREEL,EQ,21-Oct-14,256.8,255,256,254,254,254,255.97,3601,921754,3,3601,100
SREEL,EQ,22-Oct-14,254,255,257,253,253,253,254.18,176,44736,14,176,100
SREEL,EQ,23-Oct-14,253,255,266,253,253,259.95,260.4,2489,648127.4,18,2345,94.21
SREEL,EQ,27-Oct-14,259.95,264,266,255,260,260,264.46,301,79603.2,11,250,83.06
SREEL,EQ,30-Oct-14,260,260,260,260,260,260,260,2,520,2,2,100
SREEL,EQ,31-Oct-14,260,255,255,254,254,255,254.99,112,28559,6,112,100
SREEL,EQ,3-Nov-14,255,259.95,259.95,253,253,253.55,254.64,152,38704.85,31,149,98.03
SREEL,EQ,5-Nov-14,253.55,255,260,255,260,257.6,257.58,1808,465713,41,96,5.31
SREEL,EQ,10-Nov-14,257.6,259,260,258.75,260,260,258.9,2504,648289.9,4,2502,99.92
SREEL,EQ,11-Nov-14,260,255.1,259,255,255,255,258.79,2575,666375.1,6,2575,100
SREEL,EQ,13-Nov-14,255,258.5,258.75,255,255,255,258.34,1608,415415,7,1608,100
SREEL,EQ,14-Nov-14,255,255,260,255,260,260,256,4006,1025535,4,4006,100
SREEL,EQ,17-Nov-14,260,257,260,257,260,260,258.5,4,1034,2,2,50
SREEL,EQ,18-Nov-14,260,255,255,255,255,255,255,75,19125,1,75,100
SREEL,EQ,19-Nov-14,255,256.5,256.5,256.5,256.5,256.5,256.5,2000,513000,1,2000,100
SREEL,EQ,20-Nov-14,256.5,264,264,255,256.45,256.45,256.45,2006,514439,3,2006,100
SREEL,EQ,21-Nov-14,256.45,258,261,256.7,258.5,258.5,257.73,4504,1160835,8,4504,100
SREEL,EQ,24-Nov-14,258.5,264,267,256.85,257.75,257.75,258.07,1766,455747.2,14,1750,99.09
SREEL,EQ,25-Nov-14,257.75,255,257.5,255,256.6,256.6,256.77,8020,2059300,16,8020,100
SREEL,EQ,26-Nov-14,256.6,257.9,262,256,258,260,257.18,15002,3858195,55,15001,99.99
SREEL,EQ,27-Nov-14,260,255,257.5,255,257.5,257,257,2501,642755,4,2501,100
SREEL,EQ,28-Nov-14,257,255,257,255,257,257,256.46,2470,633450,4,2470,100
SREEL,EQ,1-Dec-14,257,255,255,255,255,255,255,100,25500,1,100,100
SREEL,EQ,3-Dec-14,255,255,255,255,255,255,255,100,25500,1,100,100
SREEL,EQ,9-Dec-14,255,256.5,256.8,256.5,256.8,256.8,256.65,1000,256650,2,1000,100
SREEL,EQ,10-Dec-14,256.8,255,261,255,257,257,256.8,1002,257316,4,1001,99.9
SREEL,EQ,11-Dec-14,257,256.6,256.6,256.6,256.6,256.6,256.6,500,128300,1,500,100
SREEL,EQ,12-Dec-14,256.6,263,265,255,255,255,258.26,9011,2327178,11,8010,88.89
SREEL,EQ,15-Dec-14,255,255,265,255,265,265,261.35,5003,1307535,6,5001,99.96
SREEL,EQ,16-Dec-14,265,257.05,265,255,265,265,261.06,34,8876,9,4,11.76
SREEL,EQ,17-Dec-14,265,260.35,261.65,260.35,261.65,261.65,261.03,5000,1305150,8,5000,100
SREEL,EQ,18-Dec-14,261.65,260,260,260,260,260,260,10,2600,1,10,100
SREEL,EQ,19-Dec-14,260,256,256,254.25,254.25,254.25,254.77,158,40254.25,6,150,94.94
SREEL,EQ,22-Dec-14,254.25,255,265,255,265,265,264.62,52,13760,2,50,96.15
SREEL,EQ,24-Dec-14,265,255,265,255,265,265,260,2,520,2,0,0
SREEL,EQ,29-Dec-14,265,255,255,251,251,251,253.33,380,96265.5,5,380,100
SREEL,EQ,30-Dec-14,251,251,251,251,251,251,251,5,1255,1,5,100
SREEL,EQ,31-Dec-14,251,256.1,257.5,256.1,257.5,257.5,256.72,5034,1292307.2,16,3534,70.2
SREEL,EQ,1-Jan-15,257.5,258,259.35,256.5,256.5,257.2,258.52,13920,3598595,33,13920,100
SREEL,EQ,2-Jan-15,257.2,255,255.45,255,255.45,255.45,255.17,10000,2551725,52,10000,100
SREEL,EQ,7-Jan-15,255.45,244,264,244,264,264,254,2,508,2,1,50
SREEL,EQ,12-Jan-15,264,255,255,250.8,250.8,252.2,252.2,3,756.6,3,3,100
SREEL,EQ,15-Jan-15,252.2,251.5,251.5,251.5,251.5,251.5,251.5,11,2766.5,1,11,100
SREEL,EQ,19-Jan-15,251.5,244.75,245,244.75,245,245,244.8,5,1224,2,5,100
SREEL,EQ,20-Jan-15,245,244.75,244.75,233,233,233,241.05,854,205860.8,21,854,100
SREEL,EQ,22-Jan-15,233,222.05,230,221.35,221.35,221.35,224.05,362,81104.65,15,316,87.29
SREEL,EQ,27-Jan-15,221.35,215,220,215,220,220,217.5,10,2175,3,5,50
SREEL,EQ,28-Jan-15,220,228,228,220,220,220,224,2,448,2,2,100
SREEL,EQ,4-Feb-15,220,211,223,209,223,222.8,217.41,76,16523,11,75,98.68
SREEL,EQ,5-Feb-15,222.8,229,233.7,229,233.7,233.7,231.98,115,26677.9,8,115,100
SREEL,EQ,6-Feb-15,233.7,241.5,242,241.5,242,242,241.94,9,2177.5,3,9,100
SREEL,EQ,9-Feb-15,242,235,253,233,253,243.25,243.25,100,24325,4,0,0
SREEL,EQ,10-Feb-15,243.25,233,252,233,251,242.05,242.04,809,195808,16,1,0.12
SREEL,EQ,12-Feb-15,242.05,250.9,250.9,231,231,231,231.39,51,11800.9,2,51,100
SREEL,EQ,13-Feb-15,231,233,233,233,233,233,233,4,932,4,4,100
SREEL,EQ,18-Feb-15,233,243.9,243.9,227,235,231,239.6,6,1437.6,4,4,66.67
SREEL,EQ,19-Feb-15,231,239.95,242.55,219.45,242,240.65,231,17010,3929375.4,26,2,0.01
SREEL,EQ,20-Feb-15,240.65,241.9,241.9,241.9,241.9,241.9,241.9,1,241.9,1,1,100
SREEL,EQ,24-Feb-15,241.9,241.9,241.9,230,241,235.5,235.52,303,71362.9,7,1,0.33
SREEL,EQ,28-Feb-15,235.5,223.75,223.75,223.75,223.75,223.75,223.75,24,5370,8,24,100
SREEL,EQ,2-Mar-15,223.75,223.75,230,223.75,230,230,223.9,43,9627.5,5,42,97.67
SREEL,EQ,3-Mar-15,230,230,240,230,240,240,231.13,67,15486,4,67,100
SREEL,EQ,11-Mar-15,240,239,239,239,239,239,239,10,2390,2,10,100
SREEL,EQ,17-Mar-15,239,238.5,238.5,238,238,238,238.17,3,714.5,3,2,66.67
SREEL,EQ,18-Mar-15,238,238,238,238,238,238,238,1,238,1,1,100
SREEL,EQ,20-Mar-15,238,236,236.5,236,236,236,236.23,5500,1299250,3,5500,100
SREEL,EQ,23-Mar-15,236,232,233.9,225,233.9,233.6,233.64,7002,1635937.8,15,7002,100
SREEL,EQ,25-Mar-15,233.6,221.95,221.95,221.95,221.95,221.95,221.95,2,443.9,2,2,100
SREEL,EQ,26-Mar-15,221.95,210.9,210.9,210.9,210.9,210.9,210.9,10,2109,1,10,100
SREEL,EQ,27-Mar-15,210.9,200.4,201,200.4,201,200.9,200.9,12,2410.8,2,12,100
SREEL,EQ,30-Mar-15,200.9,200,200,191.5,192,193.2,199.72,562,112240.5,25,558,99.29
SREEL,EQ,31-Mar-15,193.2,192,192,183.8,185.1,185.1,183.86,15017,2760959,27,15007,99.93
SREEL,EQ,8-Apr-15,185.1,185,185,185,185,185,185,50,9250,3,50,100
SREEL,EQ,9-Apr-15,185,186,190,186,186,186,186.27,15,2794,11,15,100
SREEL,EQ,13-Apr-15,186,186,186,186,186,186,186,6,1116,1,6,100
SREEL,EQ,15-Apr-15,186,186,186,186,186,186,186,1,186,1,1,100
SREEL,EQ,16-Apr-15,186,195,195,183,183,183,183.25,48,8796,6,47,97.92
SREEL,EQ,17-Apr-15,183,183.5,183.5,183.5,183.5,183.5,183.5,10,1835,1,10,100
SREEL,EQ,21-Apr-15,183.5,192.65,192.65,183.5,192.65,192.65,190.36,8,1522.9,3,8,100
SREEL,EQ,22-Apr-15,192.65,202.25,202.25,202.25,202.25,202.25,202.25,10,2022.5,1,10,100
SREEL,EQ,23-Apr-15,202.25,195,195,192.15,195,195,194.67,541,105314.4,28,489,90.39
SREEL,EQ,24-Apr-15,195,204.75,204.75,204.75,204.75,204.75,204.75,1,204.75,1,1,100
SREEL,EQ,27-Apr-15,204.75,199,200,198,200,200,199.97,465,92987.35,7,459,98.71
SREEL,EQ,28-Apr-15,200,200,200,200,200,200,200,12,2400,3,12,100
SREEL,EQ,29-Apr-15,200,204,204,204,204,204,204,2,408,1,2,100
SREEL,EQ,30-Apr-15,204,204,204,194,194,194,202.89,9,1826,2,9,100
SREEL,EQ,4-May-15,194,185,200,185,200,200,195.71,7,1370,2,7,100
SREEL,EQ,12-May-15,200,197.9,197.9,197.9,197.9,197.9,197.9,2,395.8,1,2,100
SREEL,EQ,18-May-15,197.9,188.1,188.1,188.1,188.1,188.1,188.1,10,1881,10,10,100
SREEL,EQ,19-May-15,188.1,188,192.5,188,192.5,192.5,192.29,21,4038,2,21,100
SREEL,EQ,20-May-15,192.5,190,190,190,190,190,190,2,380,1,2,100
SREEL,EQ,25-May-15,190,195.5,195.5,190,190,192.65,192.65,135,26007.5,6,0,0
SREEL,EQ,26-May-15,192.65,196,196.5,185,196.5,196.5,193.91,525,101802.5,11,520,99.05
SREEL,EQ,3-Jun-15,196.5,199,199,199,199,199,199,10,1990,2,10,100
SREEL,EQ,5-Jun-15,199,195,195,195,195,195,195,5,975,1,5,100
SREEL,EQ,9-Jun-15,195,185.25,185.25,185.25,185.25,185.25,185.25,78,14449.5,5,78,100
SREEL,EQ,10-Jun-15,185.25,180,180,176,176,176,178.5,16,2856,5,16,100
SREEL,EQ,17-Jun-15,176,184.8,184.8,184.8,184.8,184.8,184.8,1,184.8,1,1,100
SREEL,EQ,23-Jun-15,184.8,175.65,194,175.6,194,194,184.77,875,161671.8,10,64,7.31
SREEL,EQ,24-Jun-15,194,195,196,195,196,196,195.59,51,9975,4,51,100
SREEL,EQ,25-Jun-15,196,195,195,195,195,195,195,5,975,1,5,100
SREEL,EQ,1-Jul-15,195,200,204,185.25,204,185.65,192.76,1009,194499.45,6,54,5.35
SREEL,EQ,9-Jul-15,185.65,194.9,194.9,177,194.9,194.1,194.56,52,10116.9,7,51,98.08
SREEL,EQ,10-Jul-15,194.1,194.9,194.9,194.9,194.9,194.9,194.9,40,7796,5,40,100
SREEL,EQ,13-Jul-15,194.9,204,204,195,195,195.6,195.59,22,4303,4,22,100
SREEL,EQ,15-Jul-15,195.6,186,205,186,186.2,186.35,186.79,74,13822.4,6,65,87.84
SREEL,EQ,16-Jul-15,186.35,179.25,195.25,179.25,195.25,187.25,187.25,1900,355775,6,0,0
SREEL,EQ,22-Jul-15,187.25,185,196.55,178,196.55,187.3,187.31,2005,375547,4,5,0.25
SREEL,EQ,23-Jul-15,187.3,196.55,196.55,196.55,196.55,196.55,196.55,3,589.65,1,3,100
SREEL,EQ,3-Aug-15,196.55,206,206,187,187.1,187.1,187.17,1215,227416,16,1210,99.59
SREEL,EQ,4-Aug-15,187.1,178,190,177.75,177.75,177.75,189.47,2208,418339.2,13,2198,99.55
SREEL,EQ,5-Aug-15,177.75,180,186,176,185,185,180.76,500,90380,5,100,20
SREEL,EQ,6-Aug-15,185,184.8,189.8,175.75,189.8,189.8,182.34,791,144233.5,10,550,69.53
SREEL,EQ,7-Aug-15,189.8,198,198,180.35,180.35,180.35,182.22,307,55940.45,11,201,65.47
SREEL,EQ,10-Aug-15,180.35,180.35,181.95,171.35,171.35,171.35,172.25,375,64592.1,9,374,99.73
SREEL,EQ,11-Aug-15,171.35,178,178,162.8,162.8,162.8,171.56,740,126957,11,715,96.62
SREEL,EQ,12-Aug-15,162.8,169,169,157.5,157.5,167.75,167.77,56,9395,4,56,100
SREEL,EQ,13-Aug-15,167.75,160,176.1,160,175,175,174.98,621,108662.2,4,620,99.84
SREEL,EQ,14-Aug-15,175,166.25,166.25,166.25,166.25,166.25,166.25,100,16625,2,100,100
SREEL,EQ,17-Aug-15,166.25,166.25,168,166.25,167.5,167.5,167.77,37,6207.5,3,37,100
SREEL,EQ,18-Aug-15,167.5,167.5,167.5,159.15,159.15,159.15,161.93,150,24290,3,150,100
SREEL,EQ,19-Aug-15,159.15,159.15,164.5,151.2,151.2,151.2,158.11,25,3952.75,3,15,60
SREEL,EQ,20-Aug-15,151.2,151.2,151.2,151,151,151,151.07,28,4230,5,28,100
SREEL,EQ,21-Aug-15,151,158,158,143.45,145,145,150.88,2100,316845.05,5,100,4.76
SREEL,EQ,3-Sep-15,145,145,145,145,145,145,145,10,1450,1,10,100
SREEL,EQ,4-Sep-15,145,145,145,145,145,145,145,10,1450,2,10,100
SREEL,EQ,8-Sep-15,145,138,152.25,138,138,138,151.95,104,15803.25,7,102,98.08
SREEL,EQ,10-Sep-15,138,144.9,144.9,144.9,144.9,144.9,144.9,1,144.9,1,1,100
SREEL,EQ,11-Sep-15,144.9,152,152.1,152,152.1,152.1,152.1,195,29658.9,12,195,100
SREEL,EQ,15-Sep-15,152.1,152,152,152,152,152,152,100,15200,1,100,100
SREEL,EQ,24-Sep-15,152,159.6,159.6,144.4,159.6,147.95,152.16,1089,165706.8,8,89,8.17
SREEL,EQ,28-Sep-15,147.95,148,148,148,148,148,148,10,1480,1,10,100
SREEL,EQ,30-Sep-15,148,150,150,150,150,150,150,10,1500,1,10,100
SREEL,EQ,1-Oct-15,150,150,157.5,142.5,156,156,155.44,136,21139.5,11,134,98.53
SREEL,EQ,5-Oct-15,156,156,163.8,156,163.8,163.8,163.72,100,16372.2,2,100,100
SREEL,EQ,6-Oct-15,163.8,164,164,164,164,164,164,100,16400,1,100,100
SREEL,EQ,7-Oct-15,164,163,163,163,163,163,163,50,8150,1,50,100
SREEL,EQ,8-Oct-15,163,162,162,162,162,162,162,50,8100,2,50,100
SREEL,EQ,9-Oct-15,162,153.9,153.9,153.9,153.9,153.9,153.9,1,153.9,1,1,100
SREEL,EQ,12-Oct-15,153.9,160,160,160,160,160,160,10,1600,2,10,100
SREEL,EQ,13-Oct-15,160,152.1,152.1,152,152,152,152.05,2,304.1,2,2,100
SREEL,EQ,14-Oct-15,152,150,150,145,145,145,149.33,15,2240,4,15,100
SREEL,EQ,15-Oct-15,145,152,152,140,140,140,148.57,7,1040,5,7,100
SREEL,EQ,16-Oct-15,140,140.1,146.95,140.1,146.95,146.95,145.81,6,874.85,2,6,100
SREEL,EQ,19-Oct-15,146.95,147,147,147,147,147,147,64,9408,4,64,100
SREEL,EQ,21-Oct-15,147,148.4,148.4,148.4,148.4,148.4,148.4,1,148.4,1,1,100
SREEL,EQ,28-Oct-15,148.4,148.6,148.6,148.6,148.6,148.6,148.6,6,891.6,1,6,100
SREEL,EQ,3-Nov-15,148.6,155.95,156,155.95,156,156,155.99,8,1247.95,2,8,100
SREEL,EQ,6-Nov-15,156,156,156,156,156,156,156,3,468,1,3,100
SREEL,EQ,11-Nov-15,156,160,160,160,160,160,160,5,800,1,5,100
SREEL,EQ,13-Nov-15,160,162,162,162,162,162,162,10,1620,1,10,100
SREEL,EQ,18-Nov-15,162,162,162,162,162,162,162,25,4050,2,25,100
SREEL,EQ,24-Nov-15,162,162,162,154,154,154,160.67,120,19280,3,120,100
SREEL,EQ,26-Nov-15,154,154,154,154,154,154,154,33,5082,2,33,100
SREEL,EQ,27-Nov-15,154,154,154,154,154,154,154,33,5082,1,33,100
SREEL,EQ,3-Dec-15,154,155,161,155,161,161,155.33,18,2796,3,18,100
SREEL,EQ,8-Dec-15,161,153.5,167,153.05,153.05,153.05,157.85,3,473.55,3,1,33.33
SREEL,EQ,14-Dec-15,153.05,146,146,146,146,146,146,81,11826,2,81,100
SREEL,EQ,22-Dec-15,146,140,140,138.7,138.7,138.7,139.35,2,278.7,2,2,100
SREEL,EQ,23-Dec-15,138.7,132,132,132,132,132,132,1,132,1,1,100
SREEL,EQ,29-Dec-15,132,132,132,132,132,132,132,19,2508,1,19,100
SREEL,EQ,6-Jan-16,132,132,132,132,132,132,132,1,132,1,1,100
SREEL,EQ,19-Jan-16,132,126,126,126,126,126,126,128,16128,1,128,100
SREEL,EQ,21-Jan-16,126,121,121,121,121,121,121,25,3025,1,25,100
SREEL,EQ,25-Jan-16,121,116,124,116,124,124,116.12,68,7896,3,68,100
SREEL,EQ,28-Jan-16,124,124,130,124,130,130,129.14,7,904,2,7,100
SREEL,EQ,4-Feb-16,130,130,130,130,130,130,130,5,650,1,5,100
SREEL,EQ,11-Feb-16,130,129.9,129.9,129.9,129.9,129.9,129.9,2,259.8,2,2,100
SREEL,EQ,12-Feb-16,129.9,129.9,129.9,129.9,129.9,129.9,129.9,1,129.9,1,1,100
SREEL,EQ,15-Feb-16,129.9,129.9,136.35,129.9,136.35,136.35,131.18,17,2230.05,3,13,76.47
SREEL,EQ,16-Feb-16,136.35,129.55,129.55,129.55,129.55,129.55,129.55,4,518.2,1,4,100
SREEL,EQ,3-Mar-16,129.55,123.1,130,123.1,130,130,126.38,48,6066.3,6,48,100
SREEL,EQ,4-Mar-16,130,123.5,123.5,123.5,123.5,123.5,123.5,10,1235,1,10,100
SREEL,EQ,8-Mar-16,123.5,120,120,120,120,120,120,1,120,1,1,100
SREEL,EQ,15-Mar-16,120,120,120,120,120,120,120,10,1200,1,10,100
SREEL,EQ,17-Mar-16,120,120,120,120,120,120,120,100,12000,1,100,100
SREEL,EQ,18-Mar-16,120,114,114,114,114,114,114,6,684,1,6,100
SREEL,EQ,28-Mar-16,114,109,114,109,114,114,111.5,200,22300,2,200,100
SREEL,EQ,8-Apr-16,114,110,110,109.9,109.9,109.9,109.95,2,219.9,2,0,0
SREEL,EQ,13-Apr-16,109.9,105,115,105,108.8,108.8,107.68,800,86140,7,10,1.25
SREEL,EQ,18-Apr-16,108.8,114.2,114.2,114.2,114.2,114.2,114.2,22,2512.4,1,22,100
SREEL,EQ,27-Apr-16,114.2,119.9,119.9,119.9,119.9,119.9,119.9,922,110547.8,17,912,98.92
SREEL,EQ,28-Apr-16,119.9,125,125,125,125,125,125,258,32250,5,258,100
SREEL,EQ,29-Apr-16,125,125,128,125,127,127,126.81,27,3424,5,27,100
SREEL,EQ,2-May-16,127,120.65,133.35,120.65,133.35,133.15,122.97,108,13280.7,3,88,81.48
SREEL,EQ,3-May-16,133.15,126.5,139.8,126.5,139,139,131.87,232,30592.95,7,161,69.4
SREEL,EQ,5-May-16,139,145.95,145.95,145,145,145,145.07,13,1885.95,4,12,92.31
SREEL,EQ,6-May-16,145,149.95,152.25,149.95,152.25,152.25,151.1,2,302.2,2,1,50
SREEL,EQ,9-May-16,152.25,158.95,158.95,158.95,158.95,158.95,158.95,1,158.95,1,1,100
SREEL,EQ,10-May-16,158.95,158.95,160,158,158,158,159.5,50,7974.75,3,50,100
SREEL,EQ,12-May-16,158,157.75,157.75,151.75,151.75,151.75,154.75,20,3095,2,20,100
SREEL,EQ,17-May-16,151.75,158,158,145,155,153.7,149.52,66,9868,10,27,40.91
SREEL,EQ,18-May-16,153.7,150,150,150,150,150,150,40,6000,1,40,100
SREEL,EQ,26-May-16,150,146,155,145.5,150,150,146.51,56,8204.5,6,51,91.07
SREEL,EQ,27-May-16,150,147,147,144,144,144,145.5,2,291,2,2,100
SREEL,EQ,30-May-16,144,140,140,137,137,137,138.5,4,554,4,4,100
SREEL,EQ,31-May-16,137,133,133,133,133,133,133,1,133,1,1,100
SREEL,EQ,1-Jun-16,133,139,139,126.35,126.35,126.35,130.55,69,9007.7,8,39,56.52
SREEL,EQ,3-Jun-16,126.35,121,132.65,120.05,132.65,132.65,125.72,351,44126.65,8,51,14.53
SREEL,EQ,6-Jun-16,132.65,139,139,139,139,139,139,1,139,1,1,100
SREEL,EQ,7-Jun-16,139,145,145,145,145,145,145,1,145,1,1,100
SREEL,EQ,8-Jun-16,145,150,150,140,140,140,146.5,1000,146500,2,1000,100
SREEL,EQ,9-Jun-16,140,147,147,140,140,140,140.01,604,84567,3,604,100
SREEL,EQ,13-Jun-16,140,147,147,147,147,147,147,1,147,1,1,100
SREEL,EQ,15-Jun-16,147,154,154,147,147,147,147.16,87,12802.5,6,86,98.85
SREEL,EQ,16-Jun-16,147,150,150,150,150,150,150,1,150,1,1,100
SREEL,EQ,20-Jun-16,150,150,150,150,150,150,150,5,750,2,5,100
SREEL,EQ,21-Jun-16,150,150,150,150,150,150,150,1,150,1,1,100
SREEL,EQ,22-Jun-16,150,144,144,144,144,144,144,7,1008,2,7,100
SREEL,EQ,23-Jun-16,144,144,151.2,144,151.2,151.2,148.5,94,13958.6,5,94,100
SREEL,EQ,24-Jun-16,151.2,158,158,157.95,157.95,157.95,158,102,16115.9,2,102,100
SREEL,EQ,27-Jun-16,157.95,157.9,165,157.9,165,165,158.03,55,8691.9,4,55,100
SREEL,EQ,28-Jun-16,165,173,173,160,160,160,168.84,90,15196,10,88,97.78
SREEL,EQ,29-Jun-16,160,155,160,155,156,156,155.69,16,2491,3,16,100
SREEL,EQ,30-Jun-16,156,155,155,149,149,149,154.14,7,1079,2,7,100
SREEL,EQ,1-Jul-16,149,154,154,154,154,154,154,1,154,1,1,100
SREEL,EQ,4-Jul-16,154,150,160,146.3,160,156,147.43,26,3833.3,6,24,92.31
SREEL,EQ,5-Jul-16,156,163.8,163.8,152,152,152,160.98,8,1287.8,3,8,100
SREEL,EQ,7-Jul-16,152,152,159.6,144.4,159.6,159.6,151.96,117,17779.8,10,67,57.26
SREEL,EQ,8-Jul-16,159.6,153,167.55,153,167.55,167.55,167.38,139,23266.35,7,138,99.28
SREEL,EQ,11-Jul-16,167.55,168,168,168,168,168,168,1,168,1,1,100
SREEL,EQ,12-Jul-16,168,161,176.4,160,176.4,176.4,176.39,8719,1537985.4,26,8517,97.68
SREEL,EQ,13-Jul-16,176.4,182,185,182,185,185,184.56,3132,578031.5,45,2672,85.31
SREEL,EQ,14-Jul-16,185,185,194,179,179,179.95,186.59,415,77433.8,19,342,82.41
SREEL,EQ,15-Jul-16,179.95,185,185,171,171,171,176.12,41,7221,6,41,100
SREEL,EQ,18-Jul-16,171,165,165,163,163,163,164,4,656,2,4,100
SREEL,EQ,19-Jul-16,163,163,170,163,170,170,165.33,3,496,2,3,100
SREEL,EQ,20-Jul-16,170,170,178,165.1,165.1,165.1,168.38,189,31822.9,4,189,100
SREEL,EQ,21-Jul-16,165.1,165.1,165.1,165.1,165.1,165.1,165.1,20,3302,1,20,100
SREEL,EQ,22-Jul-16,165.1,170,170,169,169,169,169.71,17,2885,2,17,100
SREEL,EQ,25-Jul-16,169,163,163,162,162,162.15,162.17,6,973,2,6,100
SREEL,EQ,26-Jul-16,162.15,162,170,156,167,167,163.82,34,5570,14,20,58.82
SREEL,EQ,29-Jul-16,167,161,170,159,160,160,163.44,34,5557,10,28,82.35
SREEL,EQ,1-Aug-16,160,160,168,160,168,168,165.27,11,1818,8,10,90.91
SREEL,EQ,2-Aug-16,168,170,170,168,168,168,169.28,156,26408,3,156,100
SREEL,EQ,3-Aug-16,168,176,176,171,171,172.8,174.98,5223,913905.1,14,5223,100
SREEL,EQ,4-Aug-16,172.8,177,181,177,180,180,180.68,205,37040,8,205,100
SREEL,EQ,5-Aug-16,180,180,181.85,175,181.85,181.85,179.42,18,3229.6,6,16,88.89
SREEL,EQ,9-Aug-16,181.85,182,182,181,181,181,181.44,9,1633,3,9,100
SREEL,EQ,10-Aug-16,181,181,181,172,172,174.1,174.41,23,4011.5,6,23,100
SREEL,EQ,11-Aug-16,174.1,166,179,166,179,178.5,175.24,4,700.95,4,2,50
SREEL,EQ,12-Aug-16,178.5,178.5,181,178,178,178,180.71,71,12830.5,10,67,94.37
SREEL,EQ,16-Aug-16,178,179,179,178.5,178.5,178.5,178.63,43,7681,5,43,100
SREEL,EQ,17-Aug-16,178.5,172,176,170,171,171.7,171.27,57,9762.15,14,53,92.98
SREEL,EQ,18-Aug-16,171.7,179,180,173,173,173,177.95,110,19575,13,108,98.18
SREEL,EQ,19-Aug-16,173,169,181,167,171,171,169.35,45,7620.75,22,28,62.22
SREEL,EQ,22-Aug-16,171,167.4,169.9,166,169.9,169.9,167.13,23,3843.9,6,20,86.96
SREEL,EQ,23-Aug-16,169.9,165.7,165.7,165.7,165.7,165.7,165.7,10,1657,1,10,100
SREEL,EQ,24-Aug-16,165.7,166,166,166,166,166,166,10,1660,1,10,100
SREEL,EQ,25-Aug-16,166,173,174,173,174,174,173.5,2,347,2,2,100
SREEL,EQ,29-Aug-16,174,167,167,167,167,167,167,1,167,1,1,100
SREEL,EQ,30-Aug-16,167,164,174,163,174,168,167.98,8,1343.85,7,5,62.5
SREEL,EQ,31-Aug-16,168,173.5,173.5,173.5,173.5,173.5,173.5,15,2602.5,1,15,100
SREEL,EQ,1-Sep-16,173.5,166,174,165,174,174,166.37,66,10980.5,33,60,90.91
SREEL,EQ,2-Sep-16,174,167,181,162,162,162.2,167.24,643,107538.45,47,618,96.11
SREEL,EQ,6-Sep-16,162.2,166,166,166,166,166,166,7,1162,5,7,100
SREEL,EQ,7-Sep-16,166,166,173,166,173,170.6,170.52,27,4604,6,27,100
SREEL,EQ,8-Sep-16,170.6,171.4,171.4,170,170,170,170.47,3,511.4,2,3,100
SREEL,EQ,9-Sep-16,170,168,174.5,168,174.5,174.5,171.08,300,51325,4,0,0
SREEL,EQ,12-Sep-16,174.5,174,174,174,174,174,174,20,3480,1,20,100
SREEL,EQ,14-Sep-16,174,177,177,177,177,177,177,10,1770,1,10,100
SREEL,EQ,15-Sep-16,177,170,178,170,178,177.6,173.77,307,53347.3,15,307,100
SREEL,EQ,16-Sep-16,177.6,177,188,177,188,180,179.41,6304,1131009,33,6289,99.76
SREEL,EQ,19-Sep-16,180,187.6,187.6,187.6,187.6,187.6,187.6,1,187.6,1,1,100
SREEL,EQ,20-Sep-16,187.6,171,181,169,181,181,172.89,94,16251.35,10,50,53.19
SREEL,EQ,22-Sep-16,181,192,198,177,177,177,189.27,66,12492,14,36,54.55
SREEL,EQ,23-Sep-16,177,177,177,177,177,177,177,19,3363,1,19,100
SREEL,EQ,27-Sep-16,177,174,174,174,174,174,174,3,522,1,3,100
SREEL,EQ,28-Sep-16,174,188,188,178,181.5,181.5,181.83,48,8728,7,47,97.92
SREEL,EQ,29-Sep-16,181.5,189,199,164,164,164,190.63,77,14678.25,15,71,92.21
SREEL,EQ,30-Sep-16,164,174,179.9,174,179.9,179.9,177.3,3,531.9,3,3,100
SREEL,EQ,3-Oct-16,179.9,168,181.4,168,181.4,179.8,170.3,913,155488.05,16,611,66.92
SREEL,EQ,4-Oct-16,179.8,171,187,162.05,174,174,170.59,1456,248379.25,27,1211,83.17
SREEL,EQ,5-Oct-16,174,167,169.6,165,169,169,165.66,806,133523.5,13,705,87.47
SREEL,EQ,6-Oct-16,169,165,170,165,165,165,167.14,175,29250,5,175,100
SREEL,EQ,7-Oct-16,165,165,165,151,151,156.5,158.43,489,77470,16,387,79.14
SREEL,EQ,10-Oct-16,156.5,169.95,169.95,155,157,156.2,160.29,1019,163337.3,49,882,86.56
SREEL,EQ,13-Oct-16,156.2,155,155,133.95,145,140.75,142.47,1579,224956.95,55,967,61.24
SREEL,EQ,14-Oct-16,140.75,137.1,168.9,130,139.95,136.3,143.68,15235,2188970.75,339,11163,73.27
SREEL,EQ,17-Oct-16,136.3,139.9,139.9,123.5,126.85,127,128.21,19095,2448174.9,345,13595,71.2
SREEL,EQ,18-Oct-16,127,126.5,129.85,111.65,120.5,119.25,118.57,22451,2662005.25,351,15764,70.22
SREEL,EQ,19-Oct-16,119.25,122.95,127.9,118.5,127.7,125.95,121.84,4027,490650.45,66,3857,95.78
SREEL,EQ,20-Oct-16,125.95,123.5,131,123.5,126,126.05,128.6,1038,133486.75,29,941,90.66
SREEL,EQ,21-Oct-16,126.05,125,130,123.05,126.9,126.75,125.1,953,119215.9,32,832,87.3
SREEL,EQ,24-Oct-16,126.75,123.6,129.4,123,129.4,125.85,125.29,1317,165007.65,29,885,67.2
SREEL,EQ,25-Oct-16,125.85,126.55,129.5,123,124.5,126.9,125.55,466,58504.9,40,244,52.36
SREEL,EQ,26-Oct-16,126.9,123.6,133.75,123.5,125,125,125.95,258,32494.1,32,168,65.12
SREEL,EQ,27-Oct-16,125,128.9,131.95,125.6,130,130,130.22,650,84640.05,23,520,80
SREEL,EQ,28-Oct-16,130,126.55,132.9,126.5,126.5,126.6,128.73,181,23299.35,18,93,51.38
SREEL,EQ,30-Oct-16,126.6,135,135,134,134,134,134.95,21,2834,3,21,100
SREEL,EQ,1-Nov-16,134,133.8,136,127,133,131.4,132.76,715,94926.2,29,594,83.08
SREEL,EQ,2-Nov-16,131.4,133,133.9,128,131.9,131.9,130.36,461,60095.1,15,349,75.7
SREEL,EQ,3-Nov-16,131.9,129,132.4,127,127,127.7,128.91,319,41123.15,13,289,90.6
SREEL,EQ,4-Nov-16,127.7,127.15,127.15,126.05,126.5,126.5,127.02,780,99076.1,13,760,97.44
SREEL,EQ,7-Nov-16,126.5,126.5,131.8,125,125,125.6,126.43,345,43618.8,7,335,97.1
SREEL,EQ,8-Nov-16,125.6,122.5,129.95,122.5,129.9,129.95,125.88,110,13846.5,4,70,63.64
SREEL,EQ,9-Nov-16,129.95,120,128.75,108,120,120.3,111.83,6493,726143.35,160,4227,65.1
SREEL,EQ,10-Nov-16,120.3,120.5,129.9,118,123.9,123.2,121.97,880,107333.75,23,712,80.91
SREEL,EQ,11-Nov-16,123.2,123.8,124.95,112.25,124.9,118,120.3,646,77714.4,35,366,56.66
SREEL,EQ,15-Nov-16,118,112.1,123.95,112.1,112.5,112.6,116.21,107,12434.85,9,71,66.36
SREEL,EQ,16-Nov-16,112.6,121,121.7,115,121.7,121.7,115.12,203,23369.3,5,201,99.01
SREEL,EQ,17-Nov-16,121.7,123,123,116,116,116,117.31,80,9385,4,80,100
SREEL,EQ,18-Nov-16,116,111,125,111,125,122.8,121.9,987,120316.75,40,953,96.56
SREEL,EQ,21-Nov-16,122.8,117,125,117,124.85,123.9,124.12,14,1737.65,6,11,78.57
SREEL,EQ,22-Nov-16,123.9,120,120,112,112,112.15,115.11,80,9208.75,4,55,68.75
SREEL,EQ,23-Nov-16,112.15,120,133,112.1,115,115,118.74,556,66022.2,22,212,38.13
SREEL,EQ,25-Nov-16,115,123.95,124.5,117.5,122.65,122.65,121.94,182,22192.75,12,133,73.08
SREEL,EQ,28-Nov-16,122.65,120,125,120,123,122.95,123.73,46,5691.4,8,31,67.39
SREEL,EQ,29-Nov-16,122.95,120.25,120.25,117,117,117,117.9,427,50343.65,17,421,98.59
SREEL,EQ,30-Nov-16,117,122,122,122,122,122,122,1,122,1,1,100
SREEL,EQ,1-Dec-16,122,115.5,122.9,115.5,119,119.35,121.94,371,45239.05,19,294,79.25
SREEL,EQ,2-Dec-16,119.35,122.65,122.65,122.65,122.65,122.65,122.65,1,122.65,1,1,100
SREEL,EQ,5-Dec-16,122.65,118,119.95,115.6,117,117,117.03,270,31597.75,6,265,98.15
SREEL,EQ,6-Dec-16,117,120.45,121,116.4,117,118.15,118.47,525,62196.1,12,200,38.1
SREEL,EQ,7-Dec-16,118.15,120.9,122.45,118,119.9,119.9,120.42,115,13848.75,6,80,69.57
SREEL,EQ,9-Dec-16,119.9,120.65,120.7,116.05,120.7,120.7,120.41,341,41060.7,10,321,94.13
SREEL,EQ,12-Dec-16,120.7,117.1,118.85,117,117,117.15,117.14,234,27410.05,8,194,82.91
SREEL,EQ,13-Dec-16,117.15,120.55,120.6,120.55,120.6,120.6,120.58,33,3979.2,6,21,63.64
SREEL,EQ,15-Dec-16,120.6,120.6,120.6,116,120.6,118.3,119.83,150,17975,3,125,83.33
SREEL,EQ,16-Dec-16,118.3,118,132,97.1,125,125,123.12,794,97757.05,60,530,66.75
SREEL,EQ,19-Dec-16,125,125,148,124.25,146,143.65,141.66,6432,911168.55,235,2819,43.83
SREEL,EQ,20-Dec-16,143.65,144.5,146.8,140.5,146.8,146.25,143.41,1770,253830,71,889,50.23
SREEL,EQ,21-Dec-16,146.25,135,143.5,135,143.5,141.3,140.16,570,79889.5,21,446,78.25
SREEL,EQ,23-Dec-16,141.3,136.1,142.4,136.1,136.1,136.1,136.75,106,14495.9,6,106,100
SREEL,EQ,26-Dec-16,136.1,136.1,142,131,136.1,136.1,136.41,219,29874.6,7,219,100
SREEL,EQ,28-Dec-16,136.1,145,163.3,136,163.3,163.3,160.15,4924,788597.1,168,4289,87.1
SREEL,EQ,29-Dec-16,163.3,161.9,180,155.1,156.95,159.3,166.62,9470,1577902.5,283,5202,54.93
SREEL,EQ,30-Dec-16,159.3,159.3,168.95,155.95,156,156,160.22,2104,337093.8,46,1309,62.21
SREEL,EQ,2-Jan-17,156,153,159,153,156.1,156.1,156.44,251,39266,5,251,100
SREEL,EQ,3-Jan-17,156.1,163,163,159.8,161,161,162.18,140,22705.5,4,130,92.86
SREEL,EQ,4-Jan-17,161,178.7,192.5,149,153,155.8,160.73,487,78276.1,46,255,52.36
SREEL,EQ,5-Jan-17,155.8,166.6,166.6,154.25,155.55,155.55,159.98,167,26717.1,6,27,16.17
SREEL,EQ,6-Jan-17,155.55,165,165,151.1,151.1,155.95,156.56,448,70139.15,26,278,62.05
SREEL,EQ,9-Jan-17,155.95,155,156.15,150,151,151,151.83,141,21407.65,11,99,70.21
SREEL,EQ,10-Jan-17,151,159.85,159.85,151,151.1,154.55,157.09,220,34558.75,11,185,84.09
SREEL,EQ,11-Jan-17,154.55,160,160.9,159,159,159.45,160.01,60,9600.45,4,57,95
SREEL,EQ,12-Jan-17,159.45,161,170,160,161.85,160.4,163.15,1509,246192.85,42,961,63.68
SREEL,EQ,13-Jan-17,160.4,161.85,161.85,161.85,161.85,161.85,161.85,100,16185,1,100,100
SREEL,EQ,16-Jan-17,161.85,164,164,154,156,156.8,156.83,12,1881.95,5,6,50
SREEL,EQ,17-Jan-17,156.8,162,163,157,161.95,157.1,160.78,180,28941.2,11,160,88.89
SREEL,EQ,18-Jan-17,157.1,161.9,161.9,154,155,155,158.43,403,63848.75,16,289,71.71
SREEL,EQ,19-Jan-17,155,155,159.45,151.2,155,155.75,156.52,622,97354.2,14,210,33.76
SREEL,EQ,20-Jan-17,155.75,161,164.6,156,159,159,160.87,118,18982.3,10,105,88.98
SREEL,EQ,23-Jan-17,159,167.35,167.35,154.05,155.35,158.2,158.05,424,67013.5,16,223,52.59
SREEL,EQ,24-Jan-17,158.2,150,170,148,152,150.5,154.95,191,29595.3,26,122,63.87
SREEL,EQ,25-Jan-17,150.5,157,159,150,151.1,151.45,153.51,111,17039.35,23,58,52.25
SREEL,EQ,27-Jan-17,151.45,153,154,152.5,152.5,153.9,153.72,27,4150.5,4,27,100
SREEL,EQ,30-Jan-17,153.9,152.5,155,150.15,150.15,150.15,152.62,322,49142.4,6,322,100
SREEL,EQ,31-Jan-17,150.15,147.25,153,147,147,147,149.67,127,19008,8,83,65.35
SREEL,EQ,1-Feb-17,147,147.5,156.5,147.5,156.5,150.65,150.62,273,41118,8,111,40.66
SREEL,EQ,2-Feb-17,150.65,147,163,147,148,148.45,152.53,1344,205005.7,41,1153,85.79
SREEL,EQ,3-Feb-17,148.45,148.55,151.8,148,148,148,148.3,508,75337.65,12,480,94.49
SREEL,EQ,6-Feb-17,148,156,156.4,149,149,149.4,149.42,452,67536.65,9,452,100
SREEL,EQ,7-Feb-17,149.4,146,150,146,150,150,146.34,270,39512.5,3,270,100
SREEL,EQ,8-Feb-17,150,155.9,155.9,148,148,148.3,149.02,381,56775.2,12,351,92.13
SREEL,EQ,9-Feb-17,148.3,147,147,141.15,145,143.2,142.69,724,103304.1,27,454,62.71
SREEL,EQ,10-Feb-17,143.2,147,151,147,148.1,148.5,148.46,140,20785,5,130,92.86
SREEL,EQ,13-Feb-17,148.5,150,153.65,140,140,147.05,148.43,1278,189688.75,50,547,42.8
SREEL,EQ,14-Feb-17,147.05,145,154.1,142.05,152,150.6,149.32,711,106164.15,29,380,53.45
SREEL,EQ,15-Feb-17,150.6,141,149.8,140,146,144.55,142.66,714,101861.75,39,349,48.88
SREEL,EQ,16-Feb-17,144.55,144,155,140,149.05,147.95,147.07,83,12206.45,15,63,75.9
SREEL,EQ,17-Feb-17,147.95,140,149,133.15,147.85,144.65,146.26,42,6142.8,17,20,47.62
SREEL,EQ,20-Feb-17,144.65,154,170,145.1,145.5,145.5,146.27,815,119214,11,715,87.73
SREEL,EQ,21-Feb-17,145.5,140.15,157.95,140.1,145.2,153.15,150.13,1635,245467.8,54,695,42.51
SREEL,EQ,22-Feb-17,153.15,151,152.9,141.35,141.35,144.9,145.2,1005,145921.15,28,729,72.54
SREEL,EQ,23-Feb-17,144.9,147.6,151.65,140.1,140.65,140.65,143.44,323,46329.65,22,277,85.76
SREEL,EQ,27-Feb-17,140.65,153,168,141,141,143.2,151.87,7312,1110487,167,4254,58.18
SREEL,EQ,28-Feb-17,143.2,138.05,164,138.05,139,140.35,146.23,3655,534475.5,98,2750,75.24
SREEL,EQ,1-Mar-17,140.35,145.6,145.6,126.45,138.75,139.7,138.95,6665,926132.8,238,4848,72.74
SREEL,EQ,2-Mar-17,139.7,137,144.95,135,136,135.95,138.57,7698,1066679.3,92,6996,90.88
SREEL,EQ,3-Mar-17,135.95,134,139.95,134,135,135.1,134.67,487,65586.5,29,440,90.35
SREEL,EQ,6-Mar-17,135.1,136,139,133,133,134.6,134.78,513,69140.45,22,473,92.2
SREEL,EQ,7-Mar-17,134.6,133.2,146.9,132.9,136.9,134.65,133.85,22448,3004631.05,283,18392,81.93
SREEL,EQ,8-Mar-17,134.65,132.25,139,122.65,130.95,130.8,128.83,4909,632419.85,131,4181,85.17
SREEL,EQ,9-Mar-17,130.8,133,133,127.95,128,128.05,130.21,6558,853913,77,6229,94.98
SREEL,EQ,10-Mar-17,128.05,135.7,135.8,122,125,125.1,127.84,7581,969178.65,121,6176,81.47
SREEL,EQ,14-Mar-17,125.1,127,132,126,126,126.05,128.05,9168,1173936.9,114,8479,92.48
SREEL,EQ,15-Mar-17,126.05,130.8,133.95,124.05,127,128.65,128.62,14253,1833181.7,141,10439,73.24
SREEL,EQ,16-Mar-17,128.65,132.7,132.7,125.5,127.9,126.85,127.83,19480,2490093.3,134,18241,93.64
SREEL,EQ,17-Mar-17,126.85,127.9,127.9,124.5,127.8,127.2,127.19,19943,2536491.3,100,18525,92.89
SREEL,EQ,20-Mar-17,127.2,132.9,132.9,124.1,129.7,129.4,128.42,33650,4321425.45,193,33109,98.39
SREEL,EQ,21-Mar-17,129.4,129.7,134.1,126.6,128,128.35,129.08,28368,3661781.65,178,25849,91.12
SREEL,EQ,22-Mar-17,128.35,129.5,129.5,123.05,127,127,126.57,6210,786011.1,89,5424,87.34
SREEL,EQ,23-Mar-17,127,132.95,133.9,126.55,128.7,128.95,128.52,18007,2314268.4,147,16738,92.95
SREEL,EQ,24-Mar-17,128.95,128.7,132,127.1,131.5,131.1,129.63,74910,9710704.95,343,57582,76.87
SREEL,EQ,27-Mar-17,131.1,139,139,129.65,130.5,131,130.99,48988,6416711.8,178,48564,99.13
SREEL,EQ,28-Mar-17,131,129,134.45,129,130,131.5,130.48,14248,1859019.65,182,12593,88.38
SREEL,EQ,29-Mar-17,131.5,130.1,132.9,121.2,123,122.6,122.87,100636,12364831.2,590,86252,85.71
SREEL,EQ,30-Mar-17,122.6,127.95,130,121.5,126,123.55,124.81,110007,13730111.3,506,97713,88.82
SREEL,EQ,31-Mar-17,123.55,126.4,126.95,121,122.1,121.55,121.26,18031,2186505.2,178,16026,88.88
SREEL,EQ,3-Apr-17,121.55,125.55,128,121.6,125.6,126.75,124.76,3495,436018.9,100,2657,76.02
SREEL,EQ,5-Apr-17,126.75,124.5,128.9,124.5,126,125.9,126.41,1546,195435.1,35,1279,82.73
SREEL,EQ,6-Apr-17,125.9,126.1,128,124.1,124.1,125.4,126.35,1089,137599.5,44,902,82.83
SREEL,EQ,7-Apr-17,125.4,123.25,127.05,123.25,125.5,125.35,124.54,3334,415228.9,51,2830,84.88
SREEL,EQ,10-Apr-17,125.35,125,130,125,126.4,128.25,127.71,4256,543548.5,71,2529,59.42
SREEL,EQ,11-Apr-17,128.25,133,133.95,125,126,125.15,126.55,1565,198051.5,44,1296,82.81
SREEL,EQ,12-Apr-17,125.15,129.4,129.4,123.6,125,124.7,124.99,1482,185236,47,1221,82.39
SREEL,EQ,13-Apr-17,124.7,126.9,127.4,123.5,123.5,124.1,124.41,870,108240.1,31,426,48.97
SREEL,EQ,17-Apr-17,124.1,123.25,124.7,118.15,120,120.9,121.13,2545,308270.75,92,2267,89.08
SREEL,EQ,18-Apr-17,120.9,124.3,124.3,116.3,118,118.4,121.14,3643,441320.1,78,3134,86.03
SREEL,EQ,19-Apr-17,118.4,119.1,126,119.1,122,122.1,123.32,2785,343453.65,43,2201,79.03
SREEL,EQ,20-Apr-17,122.1,124,125.6,122.25,124,124,124.12,1113,138149.85,19,917,82.39
SREEL,EQ,21-Apr-17,124,124.95,128.9,124.5,125,125,126.48,4758,601771.05,122,3861,81.15
SREEL,EQ,24-Apr-17,125,128.95,129,123.1,126,125.25,125.7,2626,330096.55,79,1693,64.47
SREEL,EQ,25-Apr-17,125.25,125,126.8,122.25,122.25,122.85,123.99,1957,242644.4,50,1130,57.74
SREEL,EQ,26-Apr-17,122.85,124.4,129,122.25,122.25,122.6,125.69,7167,900788.35,176,5542,77.33
SREEL,EQ,27-Apr-17,122.6,127.95,127.95,123.5,126,126.2,125.66,1545,194147.85,36,1001,64.79
SREEL,EQ,28-Apr-17,126.2,124.05,126,124.05,126,125.4,125.1,66,8256.35,10,33,50
SREEL,EQ,2-May-17,125.4,125,129,123.45,125.1,125.1,126.4,2727,344703.85,30,2489,91.27
SREEL,EQ,3-May-17,125.1,124.15,127.4,122,122,122.2,124.53,843,104982.1,21,497,58.96
SREEL,EQ,4-May-17,122.2,123.1,125.9,121,122.55,125.15,122.76,4322,530552.35,71,3129,72.4
SREEL,EQ,5-May-17,125.15,125.3,126.4,122.55,124.85,124.65,123.16,4245,522793.6,39,3475,81.86
SREEL,EQ,8-May-17,124.65,125.9,131.35,121.6,131.05,130.1,129.08,9006,1162538.25,119,7354,81.66
SREEL,EQ,9-May-17,130.1,131.05,133.75,127.7,129.05,129.8,129.79,2852,370156.35,42,2269,79.56
SREEL,EQ,10-May-17,129.8,131.95,133,128.7,130.25,130.4,131.76,3157,415976.9,53,2322,73.55
SREEL,EQ,11-May-17,130.4,129.8,132.75,129.75,130,130,130.09,684,88984.15,14,494,72.22
SREEL,EQ,12-May-17,130,132.85,132.9,127.5,131,129.25,129.85,20864,2709132.65,59,16802,80.53
SREEL,EQ,15-May-17,129.25,127.65,148.6,125,138,136.7,134.52,5853,787348.65,133,4250,72.61
SREEL,EQ,16-May-17,136.7,140.5,145,136.2,145,142.35,140.6,4030,566598.25,135,2929,72.68
SREEL,EQ,17-May-17,142.35,140.1,144,140,141.55,141.9,141.89,1655,234831.2,46,1129,68.22
SREEL,EQ,18-May-17,141.9,140,143.35,140,140.05,140.05,140.28,565,79259.25,16,363,64.25
SREEL,EQ,19-May-17,140.05,144.05,144.05,135,138.8,137.4,139.02,364,50604.8,30,278,76.37
SREEL,EQ,22-May-17,137.4,143.4,143.4,135,137.45,138.65,139.11,862,119912.75,29,506,58.7
SREEL,EQ,23-May-17,138.65,133.5,142.8,132.1,140.05,141.65,136.98,11021,1509656.55,54,10427,94.61
SREEL,EQ,24-May-17,141.65,142.9,142.9,136.5,140,140,139.49,2498,348446.25,53,1870,74.86
SREEL,EQ,25-May-17,140,143,144,139.1,141,141,141.7,1356,192150.15,26,1116,82.3
SREEL,EQ,26-May-17,141,138.2,146.95,138.2,139,140.1,142.8,1343,191779.15,52,651,48.47
SREEL,EQ,29-May-17,140.1,142.05,146.95,137.15,139.95,138.4,142.52,3988,568375.4,77,3069,76.96
SREEL,EQ,30-May-17,138.4,142,159.2,138.5,140,140,142.64,5312,757723.1,114,2988,56.25
SREEL,EQ,31-May-17,140,140,153,140,143.2,143.8,144.84,4072,589798.2,95,2420,59.43
SREEL,EQ,1-Jun-17,143.8,147.2,147.2,141.2,143.5,142.45,143.38,3005,430869.5,71,1462,48.65
SREEL,EQ,2-Jun-17,142.45,143,144,142,143.9,143.9,142.6,1140,162565,24,700,61.4
SREEL,EQ,5-Jun-17,143.9,148,148,144,145,145.95,145.14,1484,215383.25,41,1246,83.96
SREEL,EQ,6-Jun-17,145.95,143.15,155,143.15,145,145.6,148.07,2020,299091.9,58,1351,66.88
SREEL,EQ,7-Jun-17,145.6,145,146.05,140.5,143,143.05,143.53,4877,699992.85,104,3388,69.47
SREEL,EQ,8-Jun-17,143.05,148.65,171.65,145.1,171.65,171.65,164.42,20030,3293337.8,406,10332,51.58
SREEL,EQ,9-Jun-17,171.65,192,205.95,192,194.1,195.9,199.79,282159,56371726.75,5788,102981,36.5
SREEL,EQ,12-Jun-17,195.9,194,195,184.4,189.8,187.65,189.31,58360,11048054.8,1510,23162,39.69
SREEL,EQ,13-Jun-17,187.65,188.05,202.5,188.05,193,192.75,196.36,36502,7167658.8,907,17168,47.03
SREEL,EQ,14-Jun-17,192.75,194.2,198,189.1,189.9,190,191.58,10307,1974624.1,297,4877,47.32
SREEL,EQ,15-Jun-17,190,195.45,197.85,189.1,192,191.3,193.29,25420,4913381.65,535,14178,55.77
SREEL,EQ,16-Jun-17,191.3,192,194,189.9,190.15,190.35,190.53,10208,1944938.15,289,7096,69.51
SREEL,EQ,19-Jun-17,190.35,192.95,192.95,178.25,179.4,181.1,182.63,19253,3516129.7,483,14297,74.26
SREEL,EQ,20-Jun-17,181.1,178.4,181.9,170.5,170.5,171.3,173.53,18082,3137750.3,472,11102,61.4
SREEL,EQ,21-Jun-17,171.3,172,179.85,170.2,171.4,172.15,175.1,15924,2788358.35,393,8468,53.18
SREEL,BE,22-Jun-17,172.15,170,178.8,165,168,166.15,168.11,7657,1287194.55,94,-,-
SREEL,BE,23-Jun-17,166.15,174.7,175.8,163.6,168.7,165.1,167.3,4833,808578.45,112,-,-
SREEL,BE,27-Jun-17,165.1,174,174,158,160,159.7,161.29,4947,797924.1,115,-,-
SREEL,BE,28-Jun-17,159.7,157,165,157,163,161.35,160.98,2174,349972.05,43,-,-
SREEL,BE,29-Jun-17,161.35,158,167.55,153.05,160.5,160.55,160.82,4604,740417.2,56,-,-
SREEL,BE,30-Jun-17,160.55,157,160.5,155,160.45,159.35,158.77,9271,1471959.35,89,-,-
SREEL,BE,3-Jul-17,159.35,155.65,160,155.65,157.4,156.55,157.24,3917,615903.15,66,-,-
SREEL,BE,4-Jul-17,156.55,166.95,166.95,154,163.05,164.2,160.36,7090,1136946.2,121,-,-
SREEL,BE,5-Jul-17,164.2,164,164.35,151.05,164.25,164.25,162.79,5333,868181.35,106,-,-
SREEL,BE,6-Jul-17,164.25,164.25,172,164.25,170,169.85,170.2,4463,759610.95,85,-,-
SREEL,BE,7-Jul-17,169.85,172,172.45,168.3,169.9,169.8,171.04,5275,902258.35,76,-,-
SREEL,BE,10-Jul-17,169.8,162.05,174,162.05,169,169,169.9,658,111796.85,23,-,-
SREEL,BE,11-Jul-17,169,162.15,173.9,162.15,167.7,166.5,169.17,1324,223981.95,42,-,-
SREEL,BE,12-Jul-17,166.5,162.05,172.5,162.05,164.1,165.65,165.43,2179,360479.15,56,-,-
SREEL,BE,13-Jul-17,165.65,164.9,164.9,161,162.5,162.9,162.99,3098,504942.55,57,-,-
SREEL,BE,14-Jul-17,162.9,161,169.95,160,160,160.6,161.33,2262,364938.5,76,-,-
SREEL,BE,17-Jul-17,160.6,170,170,160,165,163.7,164.65,6824,1123570.6,75,-,-
SREEL,BE,18-Jul-17,163.7,165,165.8,160,164.9,160.95,162.23,2003,324949.7,42,-,-
SREEL,BE,19-Jul-17,160.95,164.9,165,158.25,160.1,160.1,161.65,2524,408007.45,48,-,-
SREEL,BE,20-Jul-17,160.1,158.25,168,158.25,161.25,162.7,162.97,3312,539749.65,34,-,-
SREEL,BE,21-Jul-17,162.7,166.35,168.1,164.5,165.15,165.1,166.77,5103,851028.2,92,-,-
SREEL,BE,24-Jul-17,165.1,164,167,160.25,161.3,162.1,162.81,3016,491040.95,52,-,-
SREEL,BE,25-Jul-17,162.1,160,165,158,158.55,159.6,159.65,1941,309871.6,34,-,-
SREEL,BE,26-Jul-17,159.6,159,165,159,160,159.75,160.3,934,149718.4,21,-,-
SREEL,BE,27-Jul-17,159.75,165,165,157.8,158.15,159.05,160.37,1378,220992.7,32,-,-
SREEL,BE,28-Jul-17,159.05,159.05,163,157.25,160,158.6,159.71,1367,218324.7,37,-,-
SREEL,BE,31-Jul-17,158.6,164,165,158,160,158.6,159.5,1743,278011.05,33,-,-
SREEL,BE,1-Aug-17,158.6,159,163.85,152,155,155.45,156.12,3448,538308.05,60,-,-
SREEL,BE,2-Aug-17,155.45,153.5,160.95,152,153,153,153.16,9373,1435598.8,87,-,-
SREEL,BE,3-Aug-17,153,161.85,161.85,150,157.5,150.25,151.95,69739,10597001.45,278,-,-
SREEL,BE,4-Aug-17,150.25,151,157.7,150.05,152,152,151.98,3395,515987.1,40,-,-
SREEL,BE,7-Aug-17,152,145.05,157.75,143.25,157.75,156.2,154,5480,843902,102,-,-
SREEL,BE,8-Aug-17,156.2,157.65,159.6,157,157,157,158.03,2074,327746.2,34,-,-
SREEL,BE,9-Aug-17,157,155,159.5,150.05,155,153.05,156.83,4676,733353.7,53,-,-
SREEL,BE,10-Aug-17,153.05,150,158,149.15,149.15,149.15,152.83,4481,684816.25,65,-,-
SREEL,BE,11-Aug-17,149.15,146,154.9,146,146.5,149.85,150.04,4787,718221.9,53,-,-
SREEL,BE,14-Aug-17,149.85,156.6,156.6,146.5,150,149.95,152.02,4365,663566.15,45,-,-
SREEL,BE,16-Aug-17,149.95,153,155,143.5,152,151.55,153.74,5104,784676.5,34,-,-
SREEL,BE,17-Aug-17,151.55,152,155,148,150.25,150.25,150.82,4160,627401.4,24,-,-
SREEL,BE,18-Aug-17,150.25,156,156,145,150.45,145.9,148.84,3037,452013.85,36,-,-
SREEL,BE,21-Aug-17,145.9,144.8,153.9,144.8,150,150.1,150.46,5580,839542.55,23,-,-
SREEL,BE,22-Aug-17,150.1,147.15,151,147.15,148.7,150.3,149.83,1672,250511.2,17,-,-
SREEL,EQ,23-Aug-17,150.3,156,156,148,152.45,152.45,150.84,2972,448287.1,31,2754,92.66
SREEL,EQ,24-Aug-17,152.45,148.65,155,146.2,153.1,153.65,151.96,11937,1813897.05,109,9080,76.07
SREEL,EQ,28-Aug-17,153.65,150.1,153.5,147.8,150.5,149.8,150.65,14773,2225616.4,95,14267,96.57
SREEL,EQ,29-Aug-17,149.8,153.9,153.9,148,150,149.5,150.42,2381,358154.7,41,2005,84.21
SREEL,EQ,30-Aug-17,149.5,149.05,153.95,149,151,151,151.08,7228,1092002.9,77,3775,52.23
SREEL,EQ,31-Aug-17,151,148.1,152,148.1,150.05,150.1,150.16,5691,854559.35,81,5410,95.06
SREEL,EQ,1-Sep-17,150.1,150.1,154.95,150.05,153.4,153.45,151.37,23044,3488057.4,82,21906,95.06
SREEL,EQ,4-Sep-17,153.45,154.95,157.9,150,150,152.3,154.81,13304,2059647.15,145,10443,78.5
SREEL,EQ,5-Sep-17,152.3,151.4,158.65,151.4,156.5,154.35,155.6,10937,1701758.1,77,9749,89.14
SREEL,EQ,6-Sep-17,154.35,154.35,155,151.05,154,153.8,153.43,9045,1387789.05,87,6774,74.89
SREEL,EQ,7-Sep-17,153.8,151.05,156,151.05,155,155.6,154.32,10476,1616622.6,72,8689,82.94
SREEL,EQ,8-Sep-17,155.6,153.6,157,153.6,157,156.8,155.09,9128,1415681.6,60,8602,94.24
SREEL,EQ,11-Sep-17,156.8,156.05,164.6,155.5,164.6,164.6,161.54,15758,2545543.2,168,8690,55.15
SREEL,EQ,12-Sep-17,164.6,171.9,172.8,166.6,172.8,172.8,172.46,15617,2693340.3,245,13022,83.38
SREEL,EQ,13-Sep-17,172.8,177.95,177.95,165,168.5,168.8,170.97,12159,2078824.05,226,9697,79.75
SREEL,EQ,14-Sep-17,168.8,168.5,170.95,167.3,169.9,168.7,168.91,5453,921069.7,100,3727,68.35
SREEL,EQ,15-Sep-17,168.7,177.1,177.1,177.1,177.1,177.1,177.1,15404,2728048.4,71,13404,87.02
SREEL,EQ,18-Sep-17,177.1,185.95,185.95,178.2,185.95,185.95,184.34,32892,6063188.75,424,22798,69.31
SREEL,EQ,19-Sep-17,185.95,194.75,195.2,185.95,194.95,195,194.94,97945,19093256.05,968,82607,84.34
SREEL,EQ,20-Sep-17,195,195,201.95,185.25,185.25,185.25,187.66,32422,6084246.4,518,23848,73.55
SREEL,EQ,21-Sep-17,185.25,185,185,176,178.1,178.3,178.15,19110,3404359.35,396,13923,72.86
SREEL,EQ,22-Sep-17,178.3,177.1,177.1,169.4,169.4,169.4,171.19,24674,4223831.3,278,21888,88.71
SREEL,EQ,25-Sep-17,169.4,165.3,172,160.95,170,169.35,164.06,17054,2797922.85,263,11897,69.76
SREEL,EQ,26-Sep-17,169.35,169,171,165.1,165.1,165.45,167.47,12726,2131260.5,164,9795,76.97
SREEL,EQ,27-Sep-17,165.45,171.8,171.8,162.6,163.55,165.8,165.91,4155,689375.1,88,3161,76.08
SREEL,EQ,28-Sep-17,165.8,164,170,161.15,170,169.55,167.59,4776,800429.8,103,3462,72.49
SREEL,EQ,29-Sep-17,169.55,168,173.8,164,164,164.85,166.74,30783,5132609.85,163,27741,90.12
SREEL,EQ,3-Oct-17,164.85,169.95,169.95,162.2,163.45,163.25,164.23,8842,1452096.2,143,6502,73.54
SREEL,EQ,4-Oct-17,163.25,164.45,171.4,162,169,168.8,166.34,31438,5229462.2,251,25727,81.83
SREEL,EQ,5-Oct-17,168.8,171,177.2,171,177.2,177.2,174.12,8918,1552801,82,8608,96.52
SREEL,EQ,6-Oct-17,177.2,180,186.05,180,186.05,186.05,185.21,8214,1521337.9,73,8187,99.67
SREEL,EQ,9-Oct-17,186.05,200,204.65,195.35,202,200.9,202.02,67126,13560895.3,897,45400,67.63
SREEL,EQ,10-Oct-17,200.9,206,206,181.15,188.1,188.75,189.97,41770,7935148.05,597,22040,52.77
SREEL,EQ,11-Oct-17,188.75,192.05,207.6,192.05,199.8,200,201.08,64574,12984749.6,1068,32924,50.99
SREEL,EQ,12-Oct-17,200,200,220,200,220,220,212.93,72335,15402595.7,1286,35549,49.14
SREEL,EQ,13-Oct-17,220,221,237.85,203.15,216,208.3,218.93,94732,20739959.8,2125,47767,50.42
SREEL,EQ,16-Oct-17,208.3,193.15,197.9,187.5,187.5,187.5,190.85,56296,10744043.3,811,37952,67.42
SREEL,EQ,17-Oct-17,187.5,179.2,205,168.75,194.8,194,183.5,212725,39035947.45,3449,89314,41.99
SREEL,EQ,18-Oct-17,194,201,205,188.1,198,197.5,200.67,112082,22490974.75,1743,66468,59.3
SREEL,EQ,19-Oct-17,197.5,199.65,201,197,198.5,199.15,199.4,17934,3576023.35,250,14096,78.6
SREEL,EQ,23-Oct-17,199.15,198.45,201,185,192,194.35,196.68,21751,4277984.85,366,12251,56.32
SREEL,EQ,24-Oct-17,194.35,200,200,189,191,191.75,194.7,15936,3102691.6,336,7533,47.27
SREEL,EQ,25-Oct-17,191.75,195,195,187.45,188,188.75,189.87,17151,3256457.2,326,10540,61.45
SREEL,EQ,26-Oct-17,188.75,188.75,193,185.05,191.25,190.4,188.96,14552,2749729.15,394,6875,47.24
SREEL,EQ,27-Oct-17,190.4,188.25,193.15,183.15,183.35,184.2,186.77,32766,6119846.55,374,19015,58.03
SREEL,EQ,30-Oct-17,184.2,183.6,192,183.55,185,185.75,187.66,31162,5847866.9,394,14626,46.94
SREEL,EQ,31-Oct-17,185.75,185,190,181.5,184.9,184.35,187.06,30351,5677416.9,422,17256,56.85
SREEL,EQ,1-Nov-17,184.35,190,196,182.4,185.25,186.35,189.52,85736,16248855.2,1167,43909,51.21
SREEL,EQ,2-Nov-17,186.35,189.9,192.75,184.35,185,185.05,188.8,43111,8139533.65,608,22442,52.06
SREEL,EQ,3-Nov-17,185.05,185.45,188.5,182.4,182.6,183.35,185.72,19817,3680453.25,289,13234,66.78
SREEL,EQ,6-Nov-17,183.35,182.75,182.75,166.7,176,175.35,176.07,47478,8359404.25,792,24026,50.6
SREEL,EQ,7-Nov-17,175.35,178.9,185,175.05,182,177,178.91,55460,9922254.2,551,38786,69.94
SREEL,EQ,8-Nov-17,177,181.05,181.05,174.95,174.95,175.1,176.84,17968,3177436.45,188,14351,79.87
SREEL,EQ,9-Nov-17,175.1,172,178.85,169.4,175.5,174.25,173.42,16920,2934241.15,316,10334,61.08
SREEL,EQ,10-Nov-17,174.25,179,179.5,172.55,174,174.75,176,24750,4356040.55,265,16972,68.57
SREEL,EQ,13-Nov-17,174.75,174,180.75,167,180.75,175.05,171.86,25335,4354199.65,396,17877,70.56
SREEL,EQ,14-Nov-17,175.05,176.95,177,171.15,172.05,172.5,173.65,8909,1547091.9,154,7111,79.82
SREEL,EQ,15-Nov-17,172.5,175.15,177,171.85,174,172.95,174.31,35202,6135919.65,372,26627,75.64
SREEL,EQ,16-Nov-17,172.95,174.75,174.8,167,171.75,171.35,170.11,9029,1535950.2,221,6152,68.14
SREEL,EQ,17-Nov-17,171.35,176.9,179.35,170.1,174.4,175.05,175.48,26473,4645601.5,297,22371,84.5
SREEL,EQ,20-Nov-17,175.05,179,179,171.1,174,173.65,174.59,5935,1036200.05,148,4117,69.37
SREEL,EQ,21-Nov-17,173.65,175.05,177.15,174,175,174.55,175.15,15219,2665547.7,146,12030,79.05
SREEL,EQ,22-Nov-17,174.55,189.8,192,179.3,182.05,180.75,184.66,72378,13365303.35,1489,37456,51.75
SREEL,EQ,23-Nov-17,180.75,180.25,181.5,175.1,176.1,176.9,177,13652,2416367.1,315,6742,49.38
SREEL,EQ,24-Nov-17,176.9,178.9,178.9,171,173.45,172.9,173.68,24200,4203116.25,332,18568,76.73
SREEL,EQ,27-Nov-17,172.9,175,175,156.05,174.1,173.35,168.97,27431,4635109.65,514,12075,44.02
SREEL,EQ,28-Nov-17,173.35,174,180,174,180,177.85,176.65,13479,2381056.95,163,11953,88.68
SREEL,EQ,29-Nov-17,177.85,180,181.5,174.35,177,178.05,179.23,9358,1677241.25,177,7318,78.2
SREEL,EQ,30-Nov-17,178.05,178.8,180.4,166,175.15,174.4,174.19,13888,2419148.95,220,9473,68.21
SREEL,EQ,1-Dec-17,174.4,175,177.9,173,174.05,174.15,175,9456,1654796.9,128,7410,78.36
SREEL,EQ,4-Dec-17,174.15,176,176,170.05,175.8,174.75,174.62,11184,1952997.85,180,9823,87.83
SREEL,EQ,5-Dec-17,174.75,175.95,184.8,174,176.05,176.9,178.44,21490,3834677.65,199,16106,74.95
SREEL,EQ,6-Dec-17,176.9,175,179.9,174,178,176.35,175.99,6873,1209567.1,136,4208,61.23
SREEL,EQ,7-Dec-17,176.35,172,179.7,172,175,176.1,177.32,22083,3915698.45,260,18339,83.05
SREEL,EQ,8-Dec-17,176.1,175,178.7,174,176,175.15,175.98,15128,2662286.15,169,10760,71.13
SREEL,EQ,11-Dec-17,175.15,177,181.6,171.95,178.5,179.2,177.58,35345,6276425.9,441,24995,70.72
SREEL,EQ,12-Dec-17,179.2,178,183.95,178,181.95,182.5,181.54,23566,4278184,348,18603,78.94
SREEL,EQ,13-Dec-17,182.5,185,196.4,182,191.5,191.45,192.14,129584,24897774.45,2004,51268,39.56
SREEL,EQ,14-Dec-17,191.45,193.75,195.8,188.3,191,189.65,190.84,14025,2676562.2,371,8436,60.15
SREEL,EQ,15-Dec-17,189.65,219.95,225,201.05,215,214.2,211.03,231123,48773037.05,3825,118474,51.26
SREEL,EQ,18-Dec-17,214.2,215,257,202,257,257,239.55,297702,71314787.65,5417,111634,37.5
SREEL,EQ,19-Dec-17,257,274.85,282.7,270,282.7,282.7,280.53,95331,26743417.2,598,57149,59.95
SREEL,EQ,20-Dec-17,282.7,302,310.95,290,310.95,310.95,306.2,208597,63873066.65,2853,65817,31.55
SREEL,EQ,21-Dec-17,310.95,342,342,290,302.5,304.6,316.17,532587,168388182.7,13224,133139,25
SREEL,EQ,22-Dec-17,304.6,305.05,309.6,282.3,288,288.35,295.65,115134,34039205.55,3579,46073,40.02
SREEL,EQ,26-Dec-17,288.35,288.35,288.35,271,273.75,274.35,275.42,79936,22016278.25,2408,37033,46.33
SREEL,EQ,27-Dec-17,274.35,278.9,301.75,270,301.75,301.75,296.83,168203,49928294.35,2597,37041,22.02
SREEL,EQ,28-Dec-17,301.75,314.8,317.7,290.75,295.6,297.15,304.3,111986,34076799.2,3632,34897,31.16
SREEL,EQ,29-Dec-17,297.15,296,309,291,292,295.5,301.23,59843,18026785.05,1609,23155,38.69
SREEL,EQ,1-Jan-18,295.5,295.75,303,294,297.35,296.25,298.48,22025,6573918.85,842,9265,42.07
SREEL,EQ,2-Jan-18,296.25,301,301.05,286,286.05,289.4,291.43,35485,10341468.9,1015,14253,40.17
SREEL,EQ,3-Jan-18,289.4,290.05,305,290.05,296.25,297,298.27,68388,20398288.45,1871,20114,29.41
SREEL,EQ,4-Jan-18,297,303,305,293.2,298,296.95,299.94,67675,20298221,1927,22312,32.97
SREEL,EQ,5-Jan-18,296.95,300.05,300.05,293.55,293.55,295.55,296.97,17867,5306025.9,505,11012,61.63
SREEL,EQ,8-Jan-18,295.55,295.2,297.95,289,291.85,291.55,292,24590,7180202.35,692,15317,62.29
SREEL,EQ,9-Jan-18,291.55,291.05,298,285,288,290.15,292.19,21493,6279960.5,810,6681,31.08
SREEL,EQ,10-Jan-18,290.15,292.05,294.7,285.05,286.7,287.9,289.07,16812,4859862.2,451,6605,39.29
SREEL,EQ,11-Jan-18,287.9,285,289.9,281.35,285,283.45,284.83,16923,4820212.95,438,8796,51.98
SREEL,EQ,12-Jan-18,283.45,292,292,275.05,276.5,278.7,282.06,21010,5926144.8,652,10666,50.77
